district_code,district,district_en,subdistrict_code,subdistrict,subdistrict_en
1001,พระนคร,Phra Nakhon,100101,พระบรมมหาราชวัง,Phra Borom Maha Ratchawang
1001,พระนคร,Phra Nakhon,100102,วังบูรพาภิรมย์,Wang Burapha Phirom
1001,พระนคร,Phra Nakhon,100103,วัดราชบพิธ,Wat Ratchabophit
1001,พระนคร,Phra Nakhon,100104,สำราญราษฎร์,Samran Rat
1001,พระนคร,Phra Nakhon,100105,ศาลเจ้าพ่อเสือ,San Chaopho Suea
1001,พระนคร,Phra Nakhon,100106,เสาชิงช้า,Sao Chingcha
1001,พระนคร,Phra Nakhon,100107,บวรนิเวศ,Bowon Niwet
1001,พระนคร,Phra Nakhon,100108,ตลาดยอด,Talat Yot
1001,พระนคร,Phra Nakhon,100109,ชนะสงคราม,Chana Songkhram
1001,พระนคร,Phra Nakhon,100110,บ้านพานถม,Ban Phan Thom
1001,พระนคร,Phra Nakhon,100111,บางขุนพรหม,Bang Khun Phrom
1001,พระนคร,Phra Nakhon,100112,วัดสามพระยา,Wat Sam Phraya
1002,ดุสิต,Dusit,100201,ดุสิต,Dusit
1002,ดุสิต,Dusit,100202,วชิรพยาบาล,Wachiraphayaban
1002,ดุสิต,Dusit,100203,สวนจิตรลดา,Suan Chitlada
1002,ดุสิต,Dusit,100204,สี่แยกมหานาค,Si Yaek Maha Nak
1002,ดุสิต,Dusit,100206,ถนนนครไชยศรี,Thanon Nakhon Chai Si
1003,หนองจอก,Nong Chok,100301,กระทุ่มราย,Krathum Rai
1003,หนองจอก,Nong Chok,100302,หนองจอก,Nong Chok
1003,หนองจอก,Nong Chok,100303,คลองสิบ,Khlong Sip
1003,หนองจอก,Nong Chok,100304,คลองสิบสอง,Khlong Sip Song
1003,หนองจอก,Nong Chok,100305,โคกแฝด,Khok Faet
1003,หนองจอก,Nong Chok,100306,คู้ฝั่งเหนือ,Khu Fang Nuea
1003,หนองจอก,Nong Chok,100307,ลำผักชี,Lam Phak Chi
1003,หนองจอก,Nong Chok,100308,ลำต้อยติ่ง,Lam Toiting
1004,บางรัก,Bang Rak,100401,มหาพฤฒาราม,Maha Phruettharam
1004,บางรัก,Bang Rak,100402,สีลม,Si Lom
1004,บางรัก,Bang Rak,100403,สุริยวงศ์,Suriyawong
1004,บางรัก,Bang Rak,100404,บางรัก,Bang Rak
1004,บางรัก,Bang Rak,100405,สี่พระยา,Si Phraya
1005,บางเขน,Bang Khen,100502,อนุสาวรีย์,Anusawari
1005,บางเขน,Bang Khen,100508,ท่าแร้ง,Tha Raeng
1006,บางกะปิ,Bang Kapi,100601,คลองจั่น,Khlong Chan
1006,บางกะปิ,Bang Kapi,100608,หัวหมาก,Hua Mak
1007,ปทุมวัน,Pathum Wan,100701,รองเมือง,Rong Mueang
1007,ปทุมวัน,Pathum Wan,100702,วังใหม่,Wang Mai
1007,ปทุมวัน,Pathum Wan,100703,ปทุมวัน,Pathum Wan
1007,ปทุมวัน,Pathum Wan,100704,ลุมพินี,Lumphini
1008,ป้อมปราบศัตรูพ่าย,Pom Prap Sattru Phai,100801,ป้อมปราบ,Pom Prap
1008,ป้อมปราบศัตรูพ่าย,Pom Prap Sattru Phai,100802,วัดเทพศิรินทร์,Wat Thep Sirin
1008,ป้อมปราบศัตรูพ่าย,Pom Prap Sattru Phai,100803,คลองมหานาค,Khlong Maha Nak
1008,ป้อมปราบศัตรูพ่าย,Pom Prap Sattru Phai,100804,บ้านบาตร,Ban Bat
1008,ป้อมปราบศัตรูพ่าย,Pom Prap Sattru Phai,100805,วัดโสมนัส,Wat Sommanat
1009,พระโขนง,Phra Khanong,100905,บางจาก,Bang Chak
1009,พระโขนง,Phra Khanong,100910,พระโขนงใต้,Phra Khanong Tai
1010,มีนบุรี,Min Buri,101001,มีนบุรี,Min Buri
1010,มีนบุรี,Min Buri,101002,แสนแสบ,Saen Saep
1011,ลาดกระบัง,Lat Krabang,101101,ลาดกระบัง,Lat Krabang
1011,ลาดกระบัง,Lat Krabang,101102,คลองสองต้นนุ่น,Khlong Song Ton Nun
1011,ลาดกระบัง,Lat Krabang,101103,คลองสามประเวศ,Khlong Sam Prawet
1011,ลาดกระบัง,Lat Krabang,101104,ลำปลาทิว,Lam Pla Thio
1011,ลาดกระบัง,Lat Krabang,101105,ทับยาว,Thap Yao
1011,ลาดกระบัง,Lat Krabang,101106,ขุมทอง,Khum Thong
1012,ยานนาวา,Yan Nawa,101203,ช่องนนทรี,Chong Nonsi
1012,ยานนาวา,Yan Nawa,101204,บางโพงพาง,Bang Phongphang
1013,สัมพันธวงศ์,Samphanthawong,101301,จักรวรรดิ,Chakkrawat
1013,สัมพันธวงศ์,Samphanthawong,101302,สัมพันธวงศ์,Samphanthawong
1013,สัมพันธวงศ์,Samphanthawong,101303,ตลาดน้อย,Talat Noi
1014,พญาไท,Phaya Thai,101401,สามเสนใน,Sam Sen Nai
1014,พญาไท,Phaya Thai,101406,พญาไท,Phaya Thai
1015,ธนบุรี,Thon Buri,101501,วัดกัลยาณ์,Wat Kanlaya
1015,ธนบุรี,Thon Buri,101502,หิรัญรูจี,Hiran Ruchi
1015,ธนบุรี,Thon Buri,101503,บางยี่เรือ,Bang Yi Ruea
1015,ธนบุรี,Thon Buri,101504,บุคคโล,Bukkhalo
1015,ธนบุรี,Thon Buri,101505,ตลาดพลู,Talat Phlu
1015,ธนบุรี,Thon Buri,101506,ดาวคะนอง,Dao Khanong
1015,ธนบุรี,Thon Buri,101507,สำเหร่,Samre
1016,บางกอกใหญ่,Bangkok Yai,101601,วัดอรุณ,Wat Arun
1016,บางกอกใหญ่,Bangkok Yai,101602,วัดท่าพระ,Wat Tha Phra
1017,ห้วยขวาง,Huai Khwang,101701,ห้วยขวาง,Huai Khwang
1017,ห้วยขวาง,Huai Khwang,101702,บางกะปิ,Bang Kapi
1017,ห้วยขวาง,Huai Khwang,101704,สามเสนนอก,Sam Sen Nok
1018,คลองสาน,Khlong San,101801,สมเด็จเจ้าพระยา,Somdet Chao Phraya
1018,คลองสาน,Khlong San,101802,คลองสาน,Khlong San
1018,คลองสาน,Khlong San,101803,บางลำภูล่าง,Bang Lamphu Lang
1018,คลองสาน,Khlong San,101804,คลองต้นไทร,Khlong Ton Sai
1019,ตลิ่งชัน,Taling Chan,101901,คลองชักพระ,Khlong Chak Phra
1019,ตลิ่งชัน,Taling Chan,101902,ตลิ่งชัน,Taling Chan
1019,ตลิ่งชัน,Taling Chan,101903,ฉิมพลี,Chimphli
1019,ตลิ่งชัน,Taling Chan,101904,บางพรม,Bang Phrom
1019,ตลิ่งชัน,Taling Chan,101905,บางระมาด,Bang Ramat
1019,ตลิ่งชัน,Taling Chan,101907,บางเชือกหนัง,Bang Chueak Nang
1020,บางกอกน้อย,Bangkok Noi,102004,ศิริราช,Siri Rat
1020,บางกอกน้อย,Bangkok Noi,102005,บ้านช่างหล่อ,Ban Chang Lo
1020,บางกอกน้อย,Bangkok Noi,102006,บางขุนนนท์,Bang Khun Non
1020,บางกอกน้อย,Bangkok Noi,102007,บางขุนศรี,Bang Khun Si
1020,บางกอกน้อย,Bangkok Noi,102009,อรุณอมรินทร์,Arun Ammarin
1021,บางขุนเทียน,Bang Khun Thian,102105,ท่าข้าม,Tha Kham
1021,บางขุนเทียน,Bang Khun Thian,102107,แสมดำ,Samae Dam
1022,ภาษีเจริญ,Phasi Charoen,102201,บางหว้า,Bang Wa
1022,ภาษีเจริญ,Phasi Charoen,102202,บางด้วน,Bang Duan
1022,ภาษีเจริญ,Phasi Charoen,102206,บางจาก,Bang Chak
1022,ภาษีเจริญ,Phasi Charoen,102207,บางแวก,Bang Waek
1022,ภาษีเจริญ,Phasi Charoen,102208,คลองขวาง,Khlong Khwang
1022,ภาษีเจริญ,Phasi Charoen,102209,ปากคลองภาษีเจริญ,Pak Khlong Phasi Charoen
1022,ภาษีเจริญ,Phasi Charoen,102210,คูหาสวรรค์,Khuha Sawan
1023,หนองแขม,Nong Khaem,102302,หนองแขม,Nong Khaem
1023,หนองแขม,Nong Khaem,102303,หนองค้างพลู,Nong Khang Phlu
1024,ราษฎร์บูรณะ,Rat Burana,102401,ราษฎร์บูรณะ,Rat Burana
1024,ราษฎร์บูรณะ,Rat Burana,102402,บางปะกอก,Bang Pakok
1025,บางพลัด,Bang Phlat,102501,บางพลัด,Bang Phlat
1025,บางพลัด,Bang Phlat,102502,บางอ้อ,Bang O
1025,บางพลัด,Bang Phlat,102503,บางบำหรุ,Bang Bamru
1025,บางพลัด,Bang Phlat,102504,บางยี่ขัน,Bang Yi Khan
1026,ดินแดง,Din Daeng,102601,ดินแดง,Din Daeng
1026,ดินแดง,Din Daeng,102602,รัชดาภิเษก,Ratchadaphisek
1027,บึงกุ่ม,Bueng Kum,102701,คลองกุ่ม,Khlong Kum
1027,บึงกุ่ม,Bueng Kum,102704,นวมินทร์,Nawamin
1027,บึงกุ่ม,Bueng Kum,102705,นวลจันทร์,Nuan Chan
1028,สาทร,Sathon,102801,ทุ่งวัดดอน,Thung Wat Don
1028,สาทร,Sathon,102802,ยานนาวา,Yan Nawa
1028,สาทร,Sathon,102803,ทุ่งมหาเมฆ,Thung Maha Mek
1029,บางซื่อ,Bang Sue,102901,บางซื่อ,Bang Sue
1029,บางซื่อ,Bang Sue,102902,วงศ์สว่าง,Wong Sawang
1030,จตุจักร,Chatuchak,103001,ลาดยาว,Lat Yao
1030,จตุจักร,Chatuchak,103002,เสนานิคม,Sena Nikhom
1030,จตุจักร,Chatuchak,103003,จันทรเกษม,Chan Kasem
1030,จตุจักร,Chatuchak,103004,จอมพล,Chomphon
1030,จตุจักร,Chatuchak,103005,จตุจักร,Chatuchak
1031,บางคอแหลม,Bang Kho Laem,103101,บางคอแหลม,Bang Kho Laem
1031,บางคอแหลม,Bang Kho Laem,103102,วัดพระยาไกร,Wat Phraya Krai
1031,บางคอแหลม,Bang Kho Laem,103103,บางโคล่,Bang Khlo
1032,ประเวศ,Prawet,103201,ประเวศ,Prawet
1032,ประเวศ,Prawet,103202,หนองบอน,Nong Bon
1032,ประเวศ,Prawet,103203,ดอกไม้,Dok Mai
1033,คลองเตย,Khlong Toei,103301,คลองเตย,Khlong Toei
1033,คลองเตย,Khlong Toei,103302,คลองตัน,Khlong Tan
1033,คลองเตย,Khlong Toei,103303,พระโขนง,Phra Khanong
1034,สวนหลวง,Suan Luang,103401,สวนหลวง,Suan Luang
1034,สวนหลวง,Suan Luang,103402,อ่อนนุช,On Nut
1034,สวนหลวง,Suan Luang,103403,พัฒนาการ,Phatthanakan
1035,จอมทอง,Chom Thong,103501,บางขุนเทียน,Bang Khun Thian
1035,จอมทอง,Chom Thong,103502,บางค้อ,Bang Kho
1035,จอมทอง,Chom Thong,103503,บางมด,Bang Mot
1035,จอมทอง,Chom Thong,103504,จอมทอง,Chom Thong
1036,ดอนเมือง,Don Mueang,103602,สีกัน,Si Kan
1036,ดอนเมือง,Don Mueang,103604,ดอนเมือง,Don Mueang
1036,ดอนเมือง,Don Mueang,103605,สนามบิน,Sanambin
1037,ราชเทวี,Ratchathewi,103701,ทุ่งพญาไท,Thung Phaya Thai
1037,ราชเทวี,Ratchathewi,103702,ถนนพญาไท,Thanon Phaya Thai
1037,ราชเทวี,Ratchathewi,103703,ถนนเพชรบุรี,Thanon Phetchaburi
1037,ราชเทวี,Ratchathewi,103704,มักกะสัน,Makkasan
1038,ลาดพร้าว,Lat Phrao,103801,ลาดพร้าว,Lat Phrao
1038,ลาดพร้าว,Lat Phrao,103802,จรเข้บัว,Chorakhe Bua
1039,วัฒนา,Watthana,103901,คลองเตยเหนือ,Khlong Toei Nuea
1039,วัฒนา,Watthana,103902,คลองตันเหนือ,Khlong Tan Nuea
1039,วัฒนา,Watthana,103903,พระโขนงเหนือ,Phra Khanong Nuea
1040,บางแค,Bang Khae,104001,บางแค,Bang Khae
1040,บางแค,Bang Khae,104002,บางแคเหนือ,Bang Khae Nuea
1040,บางแค,Bang Khae,104003,บางไผ่,Bang Phai
1040,บางแค,Bang Khae,104004,หลักสอง,Lak Song
1041,หลักสี่,Lak Si,104101,ทุ่งสองห้อง,Thung Song Hong
1041,หลักสี่,Lak Si,104102,ตลาดบางเขน,Talat Bang Khen
1042,สายไหม,Sai Mai,104201,สายไหม,Sai Mai
1042,สายไหม,Sai Mai,104202,ออเงิน,O Ngoen
1042,สายไหม,Sai Mai,104203,คลองถนน,Khlong Thanon
1043,คันนายาว,Khan Na Yao,104301,คันนายาว,Khan Na Yao
1043,คันนายาว,Khan Na Yao,104302,รามอินทรา,Ram Inthra
1044,สะพานสูง,Saphan Sung,104401,สะพานสูง,Saphan Sung
1044,สะพานสูง,Saphan Sung,104402,ราษฎร์พัฒนา,Rat Phatthana
1044,สะพานสูง,Saphan Sung,104403,ทับช้าง,Thap Chang
1045,วังทองหลาง,Wang Thonglang,104501,วังทองหลาง,Wang Thonglang
1045,วังทองหลาง,Wang Thonglang,104502,สะพานสอง,Saphan Song
1045,วังทองหลาง,Wang Thonglang,104503,คลองเจ้าคุณสิงห์,Khlong Chaokhun Sing
1045,วังทองหลาง,Wang Thonglang,104504,พลับพลา,Phlapphla
1046,คลองสามวา,Khlong Sam Wa,104601,สามวาตะวันตก,Sam Wa Tawan Tok
1046,คลองสามวา,Khlong Sam Wa,104602,สามวาตะวันออก,Sam Wa Tawan Ok
1046,คลองสามวา,Khlong Sam Wa,104603,บางชัน,Bang Chan
1046,คลองสามวา,Khlong Sam Wa,104604,ทรายกองดิน,Sai Kong Din
1046,คลองสามวา,Khlong Sam Wa,104605,ทรายกองดินใต้,Sai Kong Din Tai
1047,บางนา,Bang Na,104702,บางนาเหนือ,Bang Na Nuea
1047,บางนา,Bang Na,104703,บางนาใต้,Bang Na Tai
1048,ทวีวัฒนา,Thawi Watthana,104801,ทวีวัฒนา,Thawi Watthana
1048,ทวีวัฒนา,Thawi Watthana,104802,ศาลาธรรมสพน์,Sala Thammasop
1049,ทุ่งครุ,Thung Khru,104901,บางมด,Bang Mot
1049,ทุ่งครุ,Thung Khru,104902,ทุ่งครุ,Thung Khru
1050,บางบอน,Bang Bon,105002,บางบอนเหนือ,Bang Bon Nuea
1050,บางบอน,Bang Bon,105003,บางบอนใต้,Bang Bon Tai
1050,บางบอน,Bang Bon,105004,คลองบางพราน,Khlong Bang Phran
1050,บางบอน,Bang Bon,105005,คลองบางบอน,Khlong Bang Bon
